ID,标签,物种,性别,年龄,数量
1,三宝鸟成体,三宝鸟,无法区分,成体,210
2,丘鹬成体,丘鹬,无法区分,成体,387
3,丘鹬,丘鹬,无法区分,无法区分,18
4,丛林小鼠成体,丛林小鼠,无法区分,成体,135
5,丛林猫成体,丛林猫,无法区分,成体,12
6,丛林鼠成体,丛林鼠,无法区分,成体,9
7,东北兔成体,东北兔,无法区分,成体,669
8,东北刺猬成体,东北刺猬,无法区分,成体,579
9,东北刺猬,东北刺猬,无法区分,无法区分,252
10,东北鼢鼠成体,东北鼢鼠,无法区分,成体,153
11,东方田鼠成体,东方田鼠,无法区分,成体,12
12,中华仙鹟成体,中华仙鹟,无法区分,成体,111
13,中华斑羚亚成体,中华斑羚,无法区分,亚成体,6819
14,中华斑羚幼体,中华斑羚,无法区分,幼体,714
15,中华斑羚成体,中华斑羚,无法区分,成体,98343
16,中华斑羚,中华斑羚,无法区分,无法区分,12960
17,中华斑羚雄性亚成体,中华斑羚,雄性,亚成体,681
18,中华斑羚雄性成体,中华斑羚,雄性,成体,9339
19,中华斑羚雄性,中华斑羚,雄性,无法区分,69
20,中华斑羚雌性亚成体,中华斑羚,雌性,亚成体,255
21,中华斑羚雌性成体,中华斑羚,雌性,成体,2922
22,中华斑羚雌性,中华斑羚,雌性,无法区分,51
23,中华竹鼠成体,中华竹鼠,无法区分,成体,144
24,中华鬣羚亚成体,中华鬣羚,无法区分,亚成体,261
25,中华鬣羚幼体,中华鬣羚,无法区分,幼体,39
26,中华鬣羚成体,中华鬣羚,无法区分,成体,23805
27,中华鬣羚,中华鬣羚,无法区分,无法区分,3381
28,中华鬣羚雄性成体,中华鬣羚,雄性,成体,1425
29,中华鬣羚雄性,中华鬣羚,雄性,无法区分,12
30,中华鬣羚雌性成体,中华鬣羚,雌性,成体,81
31,中华鹧鸪成体,中华鹧鸪,无法区分,成体,15
32,中国豪猪成体,中国豪猪,无法区分,成体,24
33,中国豪猪,中国豪猪,无法区分,无法区分,36
34,丽色奇鹛成体,丽色奇鹛,无法区分,成体,9
35,乌梢蛇成体,乌梢蛇,无法区分,成体,9
36,乌灰鸫成体,乌灰鸫,无法区分,成体,12
37,乌灰鸫,乌灰鸫,无法区分,无法区分,15
38,乌灰鸫雄性亚成体,乌灰鸫,雄性,亚成体,9
39,乌灰鸫雄性成体,乌灰鸫,雄性,成体,18
40,乌灰鸫雄性,乌灰鸫,雄性,无法区分,12
41,乌鸫成体,乌鸫,无法区分,成体,333
42,乌鸫,乌鸫,无法区分,无法区分,72
43,乌鸫雄性成体,乌鸫,雄性,成体,90
44,乌鸫雌性成体,乌鸫,雌性,成体,45
45,云南兔亚成体,云南兔,无法区分,亚成体,9
46,云南兔成体,云南兔,无法区分,成体,1902
47,云猫成体,云猫,无法区分,成体,57
48,云豹成体,云豹,无法区分,成体,105
49,五纹松鼠成体,五纹松鼠,无法区分,成体,9
50,人成体,人,无法区分,成体,15
51,人雄性成体,人,雄性,成体,21
52,仙八色鸫成体,仙八色鸫,无法区分,成体,87
53,侧纹岩松鼠亚成体,侧纹岩松鼠,无法区分,亚成体,9
54,侧纹岩松鼠成体,侧纹岩松鼠,无法区分,成体,2955
55,侧纹岩松鼠,侧纹岩松鼠,无法区分,无法区分,21
56,倭花鼠亚成体,倭花鼠,无法区分,亚成体,9
57,倭花鼠成体,倭花鼠,无法区分,成体,1107
58,倭花鼠,倭花鼠,无法区分,无法区分,24
59,倭花鼠雄性成体,倭花鼠,雄性,成体,9
60,兔狲成体,兔狲,无法区分,成体,144
61,凤头雀嘴鹎成体,凤头雀嘴鹎,无法区分,成体,306
62,凤头鹀成体,凤头鹀,无法区分,成体,33
63,凤头鹀雄性成体,凤头鹀,雄性,成体,12
64,凤头鹰亚成体,凤头鹰,无法区分,亚成体,9
65,凤头鹰成体,凤头鹰,无法区分,成体,195
66,凤头鹰,凤头鹰,无法区分,无法区分,114
67,凤头鹰雌性成体,凤头鹰,雌性,成体,18
68,刺猬成体,刺猬,无法区分,成体,759
69,刺猬,刺猬,无法区分,无法区分,30
70,勐海胡颓子成体,勐海胡颓子,无法区分,成体,9
71,勺鸡亚成体,勺鸡,无法区分,亚成体,12
72,勺鸡幼体,勺鸡,无法区分,幼体,24
73,勺鸡成体,勺鸡,无法区分,成体,345
74,勺鸡,勺鸡,无法区分,无法区分,162
75,勺鸡雄性成体,勺鸡,雄性,成体,2202
76,勺鸡雄性,勺鸡,雄性,无法区分,36
77,勺鸡雌性成体,勺鸡,雌性,成体,1491
78,勺鸡雌性,勺鸡,雌性,无法区分,33
79,北松鼠成体,北松鼠,无法区分,成体,135
80,北树鼩成体,北树鼩,无法区分,成体,378
81,北树鼩,北树鼩,无法区分,无法区分,177
82,北灰鹟成体,北灰鹟,无法区分,成体,93
83,北社鼠成体,北社鼠,无法区分,成体,705
84,北红尾鸲成体,北红尾鸲,无法区分,成体,54
85,北红尾鸲雄性成体,北红尾鸲,雄性,成体,177
86,北红尾鸲雌性成体,北红尾鸲,雌性,成体,90
87,北豚尾猴亚成体,北豚尾猴,无法区分,亚成体,33
88,北豚尾猴幼体,北豚尾猴,无法区分,幼体,9
89,北豚尾猴成体,北豚尾猴,无法区分,成体,369
90,北豚尾猴雄性亚成体,北豚尾猴,雄性,亚成体,21
91,北豚尾猴雄性成体,北豚尾猴,雄性,成体,48
92,北豚尾猴雌性成体,北豚尾猴,雌性,成体,63
93,华南兔成体,华南兔,无法区分,成体,3039
94,华南兔,华南兔,无法区分,无法区分,120
95,华南兔雌性成体,华南兔,雌性,成体,18
96,华南斑胸钩嘴鹛成体,华南斑胸钩嘴鹛,无法区分,成体,30
97,华南斑胸钩嘴鹛,华南斑胸钩嘴鹛,无法区分,无法区分,9
98,华南梅花鹿雌性成体,华南梅花鹿,雌性,成体,69
99,印度野牛成体,印度野牛,无法区分,成体,2934
100,印度野牛,印度野牛,无法区分,无法区分,9
101,印度野牛雄性成体,印度野牛,雄性,成体,120
102,印度野牛雄性,印度野牛,雄性,无法区分,9
103,印度野牛雌性成体,印度野牛,雌性,成体,21
104,印支灰叶猴成体,印支灰叶猴,无法区分,成体,45
105,原麝成体,原麝,无法区分,成体,96
106,原麝雄性成体,原麝,雄性,成体,45
107,原麝雌性成体,原麝,雌性,成体,54
108,双峰驼成体,双峰驼,无法区分,成体,561
109,双峰驼,双峰驼,无法区分,无法区分,78
110,发冠卷尾成体,发冠卷尾,无法区分,成体,93
111,发冠卷尾,发冠卷尾,无法区分,无法区分,33
112,古铜色卷尾成体,古铜色卷尾,无法区分,成体,9
113,台湾紫啸鸫成体,台湾紫啸鸫,无法区分,成体,9
114,喜山短翅鸫雌性成体,喜山短翅鸫,雌性,成体,15
115,喜山鵟成体,喜山鵟,无法区分,成体,9
116,喜马拉雅旱獭成体,喜马拉雅旱獭,无法区分,成体,444
117,喜马拉雅鬣羚成体,喜马拉雅鬣羚,无法区分,成体,75
118,喜鹊成体,喜鹊,无法区分,成体,411
119,四川山鹧鸪成体,四川山鹧鸪,无法区分,成体,96
120,四川梅花鹿雌性成体,四川梅花鹿,雌性,成体,12
121,四川淡背地鸫成体,四川淡背地鸫,无法区分,成体,501
122,四川淡背地鸫雄性成体,四川淡背地鸫,雄性,成体,9
123,四川羚牛成体,四川羚牛,无法区分,成体,1317
124,地山雀成体,地山雀,无法区分,成体,177
125,复齿鼯鼠成体,复齿鼯鼠,无法区分,成体,543
126,复齿鼯鼠,复齿鼯鼠,无法区分,无法区分,18
127,夜鹭亚成体,夜鹭,无法区分,亚成体,18
128,夜鹭成体,夜鹭,无法区分,成体,9
129,大仓鼠成体,大仓鼠,无法区分,成体,21
130,大仙鹟成体,大仙鹟,无法区分,成体,9
131,大仙鹟雄性成体,大仙鹟,雄性,成体,33
132,大仙鹟雌性成体,大仙鹟,雌性,成体,21
133,大嘴乌鸦成体,大嘴乌鸦,无法区分,成体,5778
134,大嘴乌鸦,大嘴乌鸦,无法区分,无法区分,9
135,大噪鹛成体,大噪鹛,无法区分,成体,198
136,大山雀成体,大山雀,无法区分,成体,390
137,大拟啄木鸟成体,大拟啄木鸟,无法区分,成体,42
138,大斑啄木鸟成体,大斑啄木鸟,无法区分,成体,198
139,大斑啄木鸟雄性成体,大斑啄木鸟,雄性,成体,33
140,大斑啄木鸟雌性成体,大斑啄木鸟,雌性,成体,42
141,大杜鹃成体,大杜鹃,无法区分,成体,18
142,大林姬鼠,大林姬鼠,无法区分,无法区分,1587
143,大灵猫成体,大灵猫,无法区分,成体,78
144,大熊猫成体,大熊猫,无法区分,成体,1623
145,大白鹭成体,大白鹭,无法区分,成体,15
146,大耳鼠兔成体,大耳鼠兔,无法区分,成体,12
147,大鵟成体,大鵟,无法区分,成体,54
148,大鹰鹃成体,大鹰鹃,无法区分,成体,9
149,大黄冠啄木鸟成体,大黄冠啄木鸟,无法区分,成体,27
150,宝兴歌鸫亚成体,宝兴歌鸫,无法区分,亚成体,30
151,宝兴歌鸫成体,宝兴歌鸫,无法区分,成体,2700
152,宝兴歌鸫,宝兴歌鸫,无法区分,无法区分,69
153,宝兴鹛雀成体,宝兴鹛雀,无法区分,成体,9
154,家牛亚成体,家牛,无法区分,亚成体,819
155,家牛幼体,家牛,无法区分,幼体,309
156,家牛成体,家牛,无法区分,成体,15579
157,家牛,家牛,无法区分,无法区分,6252
158,家牛雄性亚成体,家牛,雄性,亚成体,126
159,家牛雄性成体,家牛,雄性,成体,12006
160,家牛雄性,家牛,雄性,无法区分,48
161,家牛雌性亚成体,家牛,雌性,亚成体,333
162,家牛雌性成体,家牛,雌性,成体,2739
163,家牛雌性,家牛,雌性,无法区分,39
164,家牦牛亚成体,家牦牛,无法区分,亚成体,153
165,家牦牛幼体,家牦牛,无法区分,幼体,270
166,家牦牛成体,家牦牛,无法区分,成体,22668
167,家牦牛,家牦牛,无法区分,无法区分,69
168,家牦牛雄性成体,家牦牛,雄性,成体,891
169,家牦牛雌性成体,家牦牛,雌性,成体,285
170,家狗亚成体,家狗,无法区分,亚成体,60
171,家狗幼体,家狗,无法区分,幼体,21
172,家狗成体,家狗,无法区分,成体,5109
173,家狗,家狗,无法区分,无法区分,81
174,家狗雄性成体,家狗,雄性,成体,639
175,家狗雌性成体,家狗,雌性,成体,36
176,家猪亚成体,家猪,无法区分,亚成体,132
177,家猪幼体,家猪,无法区分,幼体,9
178,家猪成体,家猪,无法区分,成体,216
179,家猪,家猪,无法区分,无法区分,195
180,家猪雄性成体,家猪,雄性,成体,24
181,家猪雌性成体,家猪,雌性,成体,93
182,家猫成体,家猫,无法区分,成体,1272
183,家猫,家猫,无法区分,无法区分,303
184,家马亚成体,家马,无法区分,亚成体,222
185,家马幼体,家马,无法区分,幼体,93
186,家马成体,家马,无法区分,成体,6312
187,家马,家马,无法区分,无法区分,15
188,家马雄性成体,家马,雄性,成体,36
189,家马雌性成体,家马,雌性,成体,48
190,家骆驼成体,家骆驼,无法区分,成体,4623
191,家骆驼,家骆驼,无法区分,无法区分,903
192,家鸡成体,家鸡,无法区分,成体,51
193,家鸡雄性成体,家鸡,雄性,成体,33
194,家鸡雌性成体,家鸡,雌性,成体,24
195,家鸦成体,家鸦,无法区分,成体,24
196,家鸭成体,家鸭,无法区分,成体,21
197,小嘴乌鸦成体,小嘴乌鸦,无法区分,成体,2772
198,小嘴乌鸦,小嘴乌鸦,无法区分,无法区分,51
199,小嘴乌鸦雄性成体,小嘴乌鸦,雄性,成体,18
200,小天鹅亚成体,小天鹅,无法区分,亚成体,9
201,小天鹅成体,小天鹅,无法区分,成体,9
202,小家鼠成体,小家鼠,无法区分,成体,21
203,小斑啄木鸟成体,小斑啄木鸟,无法区分,成体,9
204,小泡巨鼠成体,小泡巨鼠,无法区分,成体,15
205,小灵猫成体,小灵猫,无法区分,成体,474
206,小熊猫成体,小熊猫,无法区分,成体,309
207,小虎斑地鸫成体,小虎斑地鸫,无法区分,成体,18
208,小鳞胸鹪鹛成体,小鳞胸鹪鹛,无法区分,成体,9
209,小麂亚成体,小麂,无法区分,亚成体,3291
210,小麂幼体,小麂,无法区分,幼体,2406
211,小麂成体,小麂,无法区分,成体,85800
212,小麂,小麂,无法区分,无法区分,10950
213,小麂雄性亚成体,小麂,雄性,亚成体,1620
214,小麂雄性成体,小麂,雄性,成体,94785
215,小麂雄性,小麂,雄性,无法区分,399
216,小麂雌性亚成体,小麂,雌性,亚成体,2085
217,小麂雌性成体,小麂,雌性,成体,139749
218,小麂雌性,小麂,雌性,无法区分,759
219,小黑领噪鹛亚成体,小黑领噪鹛,无法区分,亚成体,9
220,小黑领噪鹛成体,小黑领噪鹛,无法区分,成体,4533
221,小黑领噪鹛,小黑领噪鹛,无法区分,无法区分,225
222,小黑领噪鹛雄性成体,小黑领噪鹛,雄性,成体,393
223,小黑领噪鹛雌性成体,小黑领噪鹛,雌性,成体,48
224,山噪鹛成体,山噪鹛,无法区分,成体,9
225,山斑鸠亚成体,山斑鸠,无法区分,亚成体,9
226,山斑鸠成体,山斑鸠,无法区分,成体,7830
227,山斑鸠,山斑鸠,无法区分,无法区分,369
228,山斑鸠雄性成体,山斑鸠,雄性,成体,225
229,山斑鸠雌性成体,山斑鸠,雌性,成体,24
230,山羊亚成体,山羊,无法区分,亚成体,282
231,山羊幼体,山羊,无法区分,幼体,267
232,山羊成体,山羊,无法区分,成体,11565
233,山羊,山羊,无法区分,无法区分,2664
234,山羊雄性亚成体,山羊,雄性,亚成体,60
235,山羊雄性成体,山羊,雄性,成体,2313
236,山羊雄性,山羊,雄性,无法区分,21
237,山羊雌性亚成体,山羊,雌性,亚成体,69
238,山羊雌性成体,山羊,雌性,成体,1032
239,山羊雌性,山羊,雌性,无法区分,39
240,山蓝仙鹟幼体,山蓝仙鹟,无法区分,幼体,48
241,山蓝仙鹟成体,山蓝仙鹟,无法区分,成体,195
242,山蓝仙鹟雄性成体,山蓝仙鹟,雄性,成体,363
243,山蓝仙鹟雌性成体,山蓝仙鹟,雌性,成体,207
244,山鹡鸰,山鹡鸰,无法区分,无法区分,9
245,山鹪莺成体,山鹪莺,无法区分,成体,9
246,岩松鼠亚成体,岩松鼠,无法区分,亚成体,33
247,岩松鼠成体,岩松鼠,无法区分,成体,23070
248,岩松鼠,岩松鼠,无法区分,无法区分,5526
249,岩松鼠雄性成体,岩松鼠,雄性,成体,15
250,岩松鼠雌性成体,岩松鼠,雌性,成体,12
251,岩燕成体,岩燕,无法区分,成体,9
252,岩羊亚成体,岩羊,无法区分,亚成体,804
253,岩羊幼体,岩羊,无法区分,幼体,51
254,岩羊成体,岩羊,无法区分,成体,5412
255,岩羊,岩羊,无法区分,无法区分,51
256,岩羊雄性亚成体,岩羊,雄性,亚成体,15
257,岩羊雄性成体,岩羊,雄性,成体,720
258,岩羊雌性亚成体,岩羊,雌性,亚成体,105
259,岩羊雌性成体,岩羊,雌性,成体,819
260,川西鼠兔成体,川西鼠兔,无法区分,成体,1005
261,川金丝猴亚成体,川金丝猴,无法区分,亚成体,60
262,川金丝猴幼体,川金丝猴,无法区分,幼体,96
263,川金丝猴成体,川金丝猴,无法区分,成体,3639
264,川金丝猴,川金丝猴,无法区分,无法区分,249
265,川金丝猴雄性成体,川金丝猴,雄性,成体,294
266,川金丝猴雌性成体,川金丝猴,雌性,成体,39
267,川金丝猴雌性,川金丝猴,雌性,无法区分,21
268,巨松鼠成体,巨松鼠,无法区分,成体,162
269,巨松鼠,巨松鼠,无法区分,无法区分,90
270,帚尾豪猪成体,帚尾豪猪,无法区分,成体,2721
271,帚尾豪猪,帚尾豪猪,无法区分,无法区分,7845
272,帚尾豪猪雄性成体,帚尾豪猪,雄性,成体,12
273,戴胜成体,戴胜,无法区分,成体,105
274,斑喉希鹛成体,斑喉希鹛,无法区分,成体,9
275,斑嘴鸭成体,斑嘴鸭,无法区分,成体,12
276,斑头鸺鹠成体,斑头鸺鹠,无法区分,成体,24
277,斑头鸺鹠,斑头鸺鹠,无法区分,无法区分,12
278,斑姬啄木鸟,斑姬啄木鸟,无法区分,无法区分,9
279,斑林狸成体,斑林狸,无法区分,成体,477
280,斑林鸽成体,斑林鸽,无法区分,成体,45
281,斑灵猫成体,斑灵猫,无法区分,成体,30
282,斑翅山鹑成体,斑翅山鹑,无法区分,成体,9
283,斑背噪鹛成体,斑背噪鹛,无法区分,成体,1071
284,斑背噪鹛,斑背噪鹛,无法区分,无法区分,156
285,斑背燕尾成体,斑背燕尾,无法区分,成体,18
286,斑胸钩嘴鹛亚成体,斑胸钩嘴鹛,无法区分,亚成体,18
287,斑胸钩嘴鹛成体,斑胸钩嘴鹛,无法区分,成体,1965
288,斑鸫成体,斑鸫,无法区分,成体,2982
289,斑鸫,斑鸫,无法区分,无法区分,156
290,斑鸫雄性成体,斑鸫,雄性,成体,60
291,斑鸫雌性成体,斑鸫,雌性,成体,147
292,方尾鹟成体,方尾鹟,无法区分,成体,183
293,星头啄木鸟成体,星头啄木鸟,无法区分,成体,63
294,星头啄木鸟,星头啄木鸟,无法区分,无法区分,9
295,星鸦成体,星鸦,无法区分,成体,555
296,星鸦,星鸦,无法区分,无法区分,42
297,普通䴓成体,普通䴓,无法区分,成体,15
298,暗灰鹃鵙雄性成体,暗灰鹃鵙,雄性,成体,12
299,暗绿绣眼鸟成体,暗绿绣眼鸟,无法区分,成体,420
300,暗绿绣眼鸟,暗绿绣眼鸟,无法区分,无法区分,12
301,条纹松鼠成体,条纹松鼠,无法区分,成体,1734
302,条纹松鼠,条纹松鼠,无法区分,无法区分,9
303,松雀鹰亚成体,松雀鹰,无法区分,亚成体,9
304,松雀鹰成体,松雀鹰,无法区分,成体,108
305,松雀鹰,松雀鹰,无法区分,无法区分,12
306,松鸦亚成体,松鸦,无法区分,亚成体,9
307,松鸦成体,松鸦,无法区分,成体,6477
308,松鸦,松鸦,无法区分,无法区分,864
309,松鼠成体,松鼠,无法区分,成体,867
310,松鼠,松鼠,无法区分,无法区分,39
311,林岭雀成体,林岭雀,无法区分,成体,12
312,林猬成体,林猬,无法区分,成体,132
313,林麝亚成体,林麝,无法区分,亚成体,48
314,林麝成体,林麝,无法区分,成体,1590
315,林麝,林麝,无法区分,无法区分,9
316,林麝雄性成体,林麝,雄性,成体,300
317,林麝雌性成体,林麝,雌性,成体,411
318,果子狸亚成体,果子狸,无法区分,亚成体,30
319,果子狸成体,果子狸,无法区分,成体,2859
320,果子狸,果子狸,无法区分,无法区分,27
321,果子狸雄性成体,果子狸,雄性,成体,9
322,柯氏鼠兔成体,柯氏鼠兔,无法区分,成体,108
323,树鹨成体,树鹨,无法区分,成体,249
324,树鹨,树鹨,无法区分,无法区分,21
325,栗头八色鸫成体,栗头八色鸫,无法区分,成体,30
326,栗头树莺成体,栗头树莺,无法区分,成体,105
327,栗耳凤鹛成体,栗耳凤鹛,无法区分,成体,42
328,栗背伯劳雄性成体,栗背伯劳,雄性,成体,9
329,栗背岩鹨成体,栗背岩鹨,无法区分,成体,1278
330,栗背岩鹨雄性成体,栗背岩鹨,雄性,成体,9
331,栗背短翅鸫成体,栗背短翅鸫,无法区分,成体,24
332,栗腹歌鸲成体,栗腹歌鸲,无法区分,成体,24
333,栗腹歌鸲雄性成体,栗腹歌鸲,雄性,成体,12
334,栗腹歌鸲雌性成体,栗腹歌鸲,雌性,成体,45
335,栗腹矶鸫雄性成体,栗腹矶鸫,雄性,成体,12
336,栗臀䴓成体,栗臀䴓,无法区分,成体,9
337,栗颊噪鹛成体,栗颊噪鹛,无法区分,成体,126
338,栗颊噪鹛,栗颊噪鹛,无法区分,无法区分,78
339,梅花鹿亚成体,梅花鹿,无法区分,亚成体,237
340,梅花鹿幼体,梅花鹿,无法区分,幼体,549
341,梅花鹿成体,梅花鹿,无法区分,成体,6792
342,梅花鹿,梅花鹿,无法区分,无法区分,30
343,梅花鹿雄性亚成体,梅花鹿,雄性,亚成体,18
344,梅花鹿雄性成体,梅花鹿,雄性,成体,7149
345,梅花鹿雄性,梅花鹿,雄性,无法区分,33
346,梅花鹿雌性亚成体,梅花鹿,雌性,亚成体,105
347,梅花鹿雌性成体,梅花鹿,雌性,成体,17379
348,梅花鹿雌性,梅花鹿,雌性,无法区分,36
349,棕噪鹛成体,棕噪鹛,无法区分,成体,123
350,棕头幽鹛成体,棕头幽鹛,无法区分,成体,24
351,棕尾褐鹟成体,棕尾褐鹟,无法区分,成体,12
352,棕熊成体,棕熊,无法区分,成体,54
353,棕背䶄成体,棕背䶄,无法区分,成体,72
354,棕背伯劳成体,棕背伯劳,无法区分,成体,135
355,棕背黑头鸫成体,棕背黑头鸫,无法区分,成体,33
356,棕背黑头鸫雄性成体,棕背黑头鸫,雄性,成体,12
357,棕背黑头鸫雌性成体,棕背黑头鸫,雌性,成体,9
358,棕胸竹鸡亚成体,棕胸竹鸡,无法区分,亚成体,18
359,棕胸竹鸡成体,棕胸竹鸡,无法区分,成体,72
360,棕胸蓝姬鹟成体,棕胸蓝姬鹟,无法区分,成体,60
361,棕胸蓝姬鹟雄性成体,棕胸蓝姬鹟,雄性,成体,78
362,棕胸蓝姬鹟雌性成体,棕胸蓝姬鹟,雌性,成体,15
363,棕脸鹟莺成体,棕脸鹟莺,无法区分,成体,12
364,棕腹仙鹟成体,棕腹仙鹟,无法区分,成体,15
365,棕腹仙鹟雄性成体,棕腹仙鹟,雄性,成体,69
366,棕腹大仙鹟雄性成体,棕腹大仙鹟,雄性,成体,24
367,棕腹大仙鹟雄性,棕腹大仙鹟,雄性,无法区分,12
368,棕腹林鸲雄性成体,棕腹林鸲,雄性,成体,93
369,棕腹蓝仙鹟成体,棕腹蓝仙鹟,无法区分,成体,15
370,棕腹蓝仙鹟雄性成体,棕腹蓝仙鹟,雄性,成体,15
371,棕腹蓝仙鹟雌性成体,棕腹蓝仙鹟,雌性,成体,12
372,棕颈钩嘴鹛成体,棕颈钩嘴鹛,无法区分,成体,1677
373,棕颈钩嘴鹛,棕颈钩嘴鹛,无法区分,无法区分,129
374,棕颈雪雀成体,棕颈雪雀,无法区分,成体,111
375,椰子狸成体,椰子狸,无法区分,成体,231
376,椰子狸,椰子狸,无法区分,无法区分,354
377,楔尾绿鸠成体,楔尾绿鸠,无法区分,成体,36
378,楔尾绿鸠雄性成体,楔尾绿鸠,雄性,成体,33
379,橙头地鸫亚成体,橙头地鸫,无法区分,亚成体,9
380,橙头地鸫成体,橙头地鸫,无法区分,成体,618
381,橙头地鸫,橙头地鸫,无法区分,无法区分,21
382,橙头地鸫雄性成体,橙头地鸫,雄性,成体,261
383,橙头地鸫雌性成体,橙头地鸫,雌性,成体,198
384,橙翅噪鹛成体,橙翅噪鹛,无法区分,成体,3270
385,橙翅噪鹛,橙翅噪鹛,无法区分,无法区分,519
386,橙翅噪鹛雄性成体,橙翅噪鹛,雄性,成体,27
387,橙翅噪鹛雌性成体,橙翅噪鹛,雌性,成体,105
388,橙胸咬鹃成体,橙胸咬鹃,无法区分,成体,24
389,橙胸姬鹟成体,橙胸姬鹟,无法区分,成体,18
390,橙胸姬鹟雌性成体,橙胸姬鹟,雌性,成体,9
391,橙腹叶鹎成体,橙腹叶鹎,无法区分,成体,333
392,橙腹叶鹎雄性成体,橙腹叶鹎,雄性,成体,204
393,橙腹叶鹎雌性成体,橙腹叶鹎,雌性,成体,288
394,橙腹长吻松鼠成体,橙腹长吻松鼠,无法区分,成体,9
395,毛冠鹿亚成体,毛冠鹿,无法区分,亚成体,1080
396,毛冠鹿幼体,毛冠鹿,无法区分,幼体,360
397,毛冠鹿成体,毛冠鹿,无法区分,成体,51447
398,毛冠鹿,毛冠鹿,无法区分,无法区分,2043
399,毛冠鹿雄性亚成体,毛冠鹿,雄性,亚成体,39
400,毛冠鹿雄性成体,毛冠鹿,雄性,成体,4755
401,毛冠鹿雌性亚成体,毛冠鹿,雌性,亚成体,114
402,毛冠鹿雌性成体,毛冠鹿,雌性,成体,10485
403,毛冠鹿雌性,毛冠鹿,雌性,无法区分,30
404,水牛亚成体,水牛,无法区分,亚成体,39
405,水牛成体,水牛,无法区分,成体,21021
406,水牛,水牛,无法区分,无法区分,33
407,水牛雌性成体,水牛,雌性,成体,24
408,水鹿亚成体,水鹿,无法区分,亚成体,51
409,水鹿幼体,水鹿,无法区分,幼体,81
410,水鹿成体,水鹿,无法区分,成体,1794
411,水鹿,水鹿,无法区分,无法区分,9
412,水鹿雄性亚成体,水鹿,雄性,亚成体,45
413,水鹿雄性成体,水鹿,雄性,成体,1578
414,水鹿雌性亚成体,水鹿,雌性,亚成体,150
415,水鹿雌性成体,水鹿,雌性,成体,3555
416,池鹭雄性成体,池鹭,雄性,成体,75
417,沙狐成体,沙狐,无法区分,成体,69
418,沼泽山雀成体,沼泽山雀,无法区分,成体,27
419,海南孔雀雉成体,海南孔雀雉,无法区分,成体,12
420,海南孔雀雉,海南孔雀雉,无法区分,无法区分,57
421,海南孔雀雉雄性,海南孔雀雉,雄性,无法区分,36
422,海南山鹧鸪成体,海南山鹧鸪,无法区分,成体,12
423,海南山鹧鸪,海南山鹧鸪,无法区分,无法区分,66
424,海南蓝仙鹟成体,海南蓝仙鹟,无法区分,成体,9
425,海南鳽成体,海南鳽,无法区分,成体,9
426,淡灰眉岩鹀成体,淡灰眉岩鹀,无法区分,成体,9
427,淡背地鸫成体,淡背地鸫,无法区分,成体,177
428,渡鸦成体,渡鸦,无法区分,成体,201
429,滇金丝猴成体,滇金丝猴,无法区分,成体,39
430,灰卷尾成体,灰卷尾,无法区分,成体,300
431,灰头小鼯鼠成体,灰头小鼯鼠,无法区分,成体,165
432,灰头小鼯鼠,灰头小鼯鼠,无法区分,无法区分,9
433,灰头灰雀成体,灰头灰雀,无法区分,成体,69
434,灰头灰雀雄性成体,灰头灰雀,雄性,成体,57
435,灰头灰雀雌性成体,灰头灰雀,雌性,成体,42
436,灰头绿啄木鸟成体,灰头绿啄木鸟,无法区分,成体,492
437,灰头绿啄木鸟,灰头绿啄木鸟,无法区分,无法区分,54
438,灰头绿啄木鸟雄性成体,灰头绿啄木鸟,雄性,成体,240
439,灰头绿啄木鸟雄性,灰头绿啄木鸟,雄性,无法区分,9
440,灰头绿啄木鸟雌性成体,灰头绿啄木鸟,雌性,成体,396
441,灰头鸦雀成体,灰头鸦雀,无法区分,成体,135
442,灰头鸦雀,灰头鸦雀,无法区分,无法区分,12
443,灰头鸫亚成体,灰头鸫,无法区分,亚成体,207
444,灰头鸫成体,灰头鸫,无法区分,成体,3636
445,灰头鸫,灰头鸫,无法区分,无法区分,369
446,灰头鸫雄性亚成体,灰头鸫,雄性,亚成体,15
447,灰头鸫雄性成体,灰头鸫,雄性,成体,1104
448,灰头鸫雌性成体,灰头鸫,雌性,成体,117
449,灰头鹀成体,灰头鹀,无法区分,成体,15
450,灰孔雀雉成体,灰孔雀雉,无法区分,成体,18
451,灰孔雀雉雄性成体,灰孔雀雉,雄性,成体,15
452,灰尾兔成体,灰尾兔,无法区分,成体,9
453,灰斑鸠成体,灰斑鸠,无法区分,成体,12
454,灰林鸮成体,灰林鸮,无法区分,成体,864
455,灰林鸮,灰林鸮,无法区分,无法区分,219
456,灰林鸽成体,灰林鸽,无法区分,成体,9
457,灰树鹊成体,灰树鹊,无法区分,成体,2646
458,灰树鹊雌性成体,灰树鹊,雌性,成体,51
459,灰椋鸟成体,灰椋鸟,无法区分,成体,15
460,灰眉岩鹀成体,灰眉岩鹀,无法区分,成体,108
461,灰眶雀鹛成体,灰眶雀鹛,无法区分,成体,1893
462,灰眶雀鹛,灰眶雀鹛,无法区分,无法区分,123
463,灰眶雀鹛雄性成体,灰眶雀鹛,雄性,成体,9
464,灰短脚鹎成体,灰短脚鹎,无法区分,成体,33
465,灰翅噪鹛成体,灰翅噪鹛,无法区分,成体,2076
466,灰翅噪鹛,灰翅噪鹛,无法区分,无法区分,123
467,灰翅鸫幼体,灰翅鸫,无法区分,幼体,27
468,灰翅鸫成体,灰翅鸫,无法区分,成体,348
469,灰翅鸫,灰翅鸫,无法区分,无法区分,171
470,灰翅鸫雄性亚成体,灰翅鸫,雄性,亚成体,9
471,灰翅鸫雄性成体,灰翅鸫,雄性,成体,819
472,灰翅鸫雄性,灰翅鸫,雄性,无法区分,24
473,灰翅鸫雌性成体,灰翅鸫,雌性,成体,408
474,灰翅鸫雌性,灰翅鸫,雌性,无法区分,21
475,灰背伯劳成体,灰背伯劳,无法区分,成体,9
476,灰背隼雌性成体,灰背隼,雌性,成体,27
477,灰背鸫成体,灰背鸫,无法区分,成体,1377
478,灰背鸫雄性成体,灰背鸫,雄性,成体,1131
479,灰背鸫雌性成体,灰背鸫,雌性,成体,1650
480,灰胸竹鸡幼体,灰胸竹鸡,无法区分,幼体,18
481,灰胸竹鸡成体,灰胸竹鸡,无法区分,成体,5172
482,灰胸竹鸡,灰胸竹鸡,无法区分,无法区分,45
483,灰胸竹鸡雄性成体,灰胸竹鸡,雄性,成体,30
484,灰胸竹鸡雌性成体,灰胸竹鸡,雌性,成体,21
485,灰腹绣眼鸟成体,灰腹绣眼鸟,无法区分,成体,348
486,灰蓝姬鹟雄性成体,灰蓝姬鹟,雄性,成体,18
487,灰鹡鸰成体,灰鹡鸰,无法区分,成体,54
488,灰鹡鸰,灰鹡鸰,无法区分,无法区分,48
489,灰鼯鼠成体,灰鼯鼠,无法区分,成体,48
490,点胸鸦雀成体,点胸鸦雀,无法区分,成体,138
491,熊猴成体,熊猴,无法区分,成体,66
492,燕雀成体,燕雀,无法区分,成体,126
493,燕雀,燕雀,无法区分,无法区分,129
494,燕雀雄性成体,燕雀,雄性,成体,15
495,燕雀雌性成体,燕雀,雌性,成体,87
496,狍亚成体,狍,无法区分,亚成体,84
497,狍幼体,狍,无法区分,幼体,24
498,狍成体,狍,无法区分,成体,5637
499,狍,狍,无法区分,无法区分,27
500,狍雄性亚成体,狍,雄性,亚成体,273
501,狍雄性成体,狍,雄性,成体,4200
502,狍雌性亚成体,狍,雌性,亚成体,126
503,狍雌性成体,狍,雌性,成体,8625
504,狍雌性,狍,雌性,无法区分,24
505,狗獾成体,狗獾,无法区分,成体,840
506,狼成体,狼,无法区分,成体,237
507,猕猴亚成体,猕猴,无法区分,亚成体,1146
508,猕猴幼体,猕猴,无法区分,幼体,1056
509,猕猴成体,猕猴,无法区分,成体,18825
510,猕猴,猕猴,无法区分,无法区分,933
511,猕猴雄性成体,猕猴,雄性,成体,318
512,猕猴雄性,猕猴,雄性,无法区分,15
513,猕猴雌性成体,猕猴,雌性,成体,717
514,猕猴雌性,猕猴,雌性,无法区分,18
515,猞猁成体,猞猁,无法区分,成体,915
516,猞猁雄性成体,猞猁,雄性,成体,72
517,猪獾亚成体,猪獾,无法区分,亚成体,114
518,猪獾幼体,猪獾,无法区分,幼体,72
519,猪獾成体,猪獾,无法区分,成体,31815
520,猪獾,猪獾,无法区分,无法区分,2250
521,猪獾雄性成体,猪獾,雄性,成体,33
522,猪獾雌性成体,猪獾,雌性,成体,90
523,猪獾雌性,猪獾,雌性,无法区分,12
524,环颈山鹧鸪成体,环颈山鹧鸪,无法区分,成体,60
525,环颈雉成体,环颈雉,无法区分,成体,93
526,环颈雉雄性亚成体,环颈雉,雄性,亚成体,18
527,环颈雉雄性成体,环颈雉,雄性,成体,2157
528,环颈雉雌性成体,环颈雉,雌性,成体,315
529,珀氏长吻松鼠亚成体,珀氏长吻松鼠,无法区分,亚成体,33
530,珀氏长吻松鼠成体,珀氏长吻松鼠,无法区分,成体,14166
531,珀氏长吻松鼠,珀氏长吻松鼠,无法区分,无法区分,114
532,珀氏长吻松鼠雄性成体,珀氏长吻松鼠,雄性,成体,33
533,珀氏长吻松鼠雌性成体,珀氏长吻松鼠,雌性,成体,9
534,珠颈斑鸠成体,珠颈斑鸠,无法区分,成体,129
535,珠颈斑鸠,珠颈斑鸠,无法区分,无法区分,9
536,画眉成体,画眉,无法区分,成体,2550
537,画眉,画眉,无法区分,无法区分,66
538,画眉雄性成体,画眉,雄性,成体,21
539,画眉雌性成体,画眉,雌性,成体,12
540,白兀鹫成体,白兀鹫,无法区分,成体,9
541,白冠噪鹛成体,白冠噪鹛,无法区分,成体,42
542,白冠噪鹛雄性成体,白冠噪鹛,雄性,成体,12
543,白冠长尾雉雄性亚成体,白冠长尾雉,雄性,亚成体,93
544,白冠长尾雉雄性成体,白冠长尾雉,雄性,成体,870
545,白冠长尾雉雌性成体,白冠长尾雉,雌性,成体,144
546,白唇鹿成体,白唇鹿,无法区分,成体,219
547,白唇鹿雄性成体,白唇鹿,雄性,成体,351
548,白唇鹿雌性成体,白唇鹿,雌性,成体,123
549,白喉冠鹎成体,白喉冠鹎,无法区分,成体,33
550,白喉冠鹎,白喉冠鹎,无法区分,无法区分,21
551,白喉噪鹛成体,白喉噪鹛,无法区分,成体,1104
552,白喉噪鹛,白喉噪鹛,无法区分,无法区分,294
553,白喉扇尾鹟成体,白喉扇尾鹟,无法区分,成体,1791
554,白喉扇尾鹟雄性成体,白喉扇尾鹟,雄性,成体,9
555,白喉斑秧鸡成体,白喉斑秧鸡,无法区分,成体,15
556,白喉林鹟成体,白喉林鹟,无法区分,成体,30
557,白喉短翅鸫雌性成体,白喉短翅鸫,雌性,成体,9
558,白喉矶鸫雄性成体,白喉矶鸫,雄性,成体,21
559,白喉红尾鸲成体,白喉红尾鸲,无法区分,成体,21
560,白喉红尾鸲雄性成体,白喉红尾鸲,雄性,成体,42
561,白喉红尾鸲雌性成体,白喉红尾鸲,雌性,成体,33
562,白喉红臀鹎亚成体,白喉红臀鹎,无法区分,亚成体,30
563,白喉红臀鹎成体,白喉红臀鹎,无法区分,成体,4359
564,白喉红臀鹎雄性成体,白喉红臀鹎,雄性,成体,21
565,白头鹤幼体,白头鹤,无法区分,幼体,1083
566,白头鹤成体,白头鹤,无法区分,成体,567
567,白头鹤雄性成体,白头鹤,雄性,成体,156
568,白头鹤雌性成体,白头鹤,雌性,成体,1098
569,白头鹤雌性,白头鹤,雌性,无法区分,18
570,白尾蓝仙鹟雌性成体,白尾蓝仙鹟,雌性,成体,9
571,白尾蓝地鸲成体,白尾蓝地鸲,无法区分,成体,15
572,白尾蓝地鸲雄性成体,白尾蓝地鸲,雄性,成体,21
573,白斑小鼯鼠成体,白斑小鼯鼠,无法区分,成体,135
574,白斑翅拟蜡嘴雀成体,白斑翅拟蜡嘴雀,无法区分,成体,9
575,白眉地鸫成体,白眉地鸫,无法区分,成体,60
576,白眉地鸫雄性成体,白眉地鸫,雄性,成体,12
577,白眉地鸫雌性成体,白眉地鸫,雌性,成体,75
578,白眉山雀成体,白眉山雀,无法区分,成体,27
579,白眉山鹧鸪亚成体,白眉山鹧鸪,无法区分,亚成体,30
580,白眉山鹧鸪幼体,白眉山鹧鸪,无法区分,幼体,27
581,白眉山鹧鸪成体,白眉山鹧鸪,无法区分,成体,4257
582,白眉山鹧鸪雌性成体,白眉山鹧鸪,雌性,成体,9
583,白眉林鸲成体,白眉林鸲,无法区分,成体,75
584,白眉林鸲雄性成体,白眉林鸲,雄性,成体,123
585,白眉林鸲雌性成体,白眉林鸲,雌性,成体,147
586,白眉歌鸫成体,白眉歌鸫,无法区分,成体,45
587,白眉雀鹛成体,白眉雀鹛,无法区分,成体,12
588,白眉鸫成体,白眉鸫,无法区分,成体,87
589,白眉鸫,白眉鸫,无法区分,无法区分,30
590,白眉鸫雄性成体,白眉鸫,雄性,成体,24
591,白眉鸫雄性,白眉鸫,雄性,无法区分,18
592,白眉鸫雌性成体,白眉鸫,雌性,成体,27
593,白眉鹀成体,白眉鹀,无法区分,成体,66
594,白眶雀鹛成体,白眶雀鹛,无法区分,成体,213
595,白眶鹟莺成体,白眶鹟莺,无法区分,成体,9
596,白腰草鹬成体,白腰草鹬,无法区分,成体,30
597,白腰雪雀成体,白腰雪雀,无法区分,成体,333
598,白腰鹊鸲成体,白腰鹊鸲,无法区分,成体,21
599,白腰鹊鸲雄性成体,白腰鹊鸲,雄性,成体,27
600,白腹巨鼠亚成体,白腹巨鼠,无法区分,亚成体,1950
601,白腹巨鼠幼体,白腹巨鼠,无法区分,幼体,39
602,白腹巨鼠成体,白腹巨鼠,无法区分,成体,75657
603,白腹巨鼠,白腹巨鼠,无法区分,无法区分,11355
604,白腹巨鼠雄性成体,白腹巨鼠,雄性,成体,123
605,白腹巨鼠雄性,白腹巨鼠,雄性,无法区分,15
606,白腹巨鼠雌性成体,白腹巨鼠,雌性,成体,30
607,白腹短翅鸲雄性亚成体,白腹短翅鸲,雄性,亚成体,9
608,白腹短翅鸲雄性成体,白腹短翅鸲,雄性,成体,45
609,白腹短翅鸲雌性成体,白腹短翅鸲,雌性,成体,60
610,白腹锦鸡亚成体,白腹锦鸡,无法区分,亚成体,63
611,白腹锦鸡幼体,白腹锦鸡,无法区分,幼体,9
612,白腹锦鸡成体,白腹锦鸡,无法区分,成体,843
613,白腹锦鸡雄性亚成体,白腹锦鸡,雄性,亚成体,1809
614,白腹锦鸡雄性成体,白腹锦鸡,雄性,成体,10149
615,白腹锦鸡雌性亚成体,白腹锦鸡,雌性,亚成体,21
616,白腹锦鸡雌性成体,白腹锦鸡,雌性,成体,4191
617,白腹锦鸡雌性,白腹锦鸡,雌性,无法区分,27
618,白顶溪鸲成体,白顶溪鸲,无法区分,成体,84
619,白领凤鹛成体,白领凤鹛,无法区分,成体,12
620,白颈长尾雉成体,白颈长尾雉,无法区分,成体,15
621,白颈长尾雉雄性成体,白颈长尾雉,雄性,成体,357
622,白颈长尾雉雌性成体,白颈长尾雉,雌性,成体,54
623,白颊噪鹛成体,白颊噪鹛,无法区分,成体,4623
624,白颊噪鹛,白颊噪鹛,无法区分,无法区分,63
625,白颊噪鹛雌性成体,白颊噪鹛,雌性,成体,27
626,白颊噪鹛雌性,白颊噪鹛,雌性,无法区分,9
627,白颊山鹧鸪成体,白颊山鹧鸪,无法区分,成体,39
628,白额燕尾亚成体,白额燕尾,无法区分,亚成体,42
629,白额燕尾成体,白额燕尾,无法区分,成体,153
630,白额燕尾,白额燕尾,无法区分,无法区分,51
631,白马鸡成体,白马鸡,无法区分,成体,861
632,白马鸡雄性成体,白马鸡,雄性,成体,90
633,白鲜雄性成体,白鲜,雄性,成体,9
634,白鹇亚成体,白鹇,无法区分,亚成体,4404
635,白鹇幼体,白鹇,无法区分,幼体,240
636,白鹇成体,白鹇,无法区分,成体,10629
637,白鹇,白鹇,无法区分,无法区分,150
638,白鹇雄性亚成体,白鹇,雄性,亚成体,13671
639,白鹇雄性成体,白鹇,雄性,成体,57900
640,白鹇雄性,白鹇,雄性,无法区分,504
641,白鹇雌性亚成体,白鹇,雌性,亚成体,159
642,白鹇雌性成体,白鹇,雌性,成体,29094
643,白鹇雌性,白鹇,雌性,无法区分,180
644,白鹡鸰成体,白鹡鸰,无法区分,成体,9
645,白鹭成体,白鹭,无法区分,成体,21
646,眼纹噪鹛成体,眼纹噪鹛,无法区分,成体,1794
647,眼纹噪鹛,眼纹噪鹛,无法区分,无法区分,570
648,眼纹噪鹛雄性成体,眼纹噪鹛,雄性,成体,18
649,矛纹草鹛成体,矛纹草鹛,无法区分,成体,168
650,矛纹草鹛,矛纹草鹛,无法区分,无法区分,84
651,短尾猴亚成体,短尾猴,无法区分,亚成体,132
652,短尾猴幼体,短尾猴,无法区分,幼体,87
653,短尾猴成体,短尾猴,无法区分,成体,2253
654,短尾猴,短尾猴,无法区分,无法区分,12
655,短尾猴雄性成体,短尾猴,雄性,成体,12
656,短尾猴雌性成体,短尾猴,雌性,成体,39
657,石貂成体,石貂,无法区分,成体,39
658,社鼠成体,社鼠,无法区分,成体,153
659,秃鹫成体,秃鹫,无法区分,成体,9
660,秦岭羚牛亚成体,秦岭羚牛,无法区分,亚成体,162
661,秦岭羚牛幼体,秦岭羚牛,无法区分,幼体,9
662,秦岭羚牛成体,秦岭羚牛,无法区分,成体,15636
663,秦岭羚牛,秦岭羚牛,无法区分,无法区分,24
664,秦岭羚牛雄性成体,秦岭羚牛,雄性,成体,9
665,秦岭鼠兔成体,秦岭鼠兔,无法区分,成体,279
666,穿山甲成体,穿山甲,无法区分,成体,27
667,紫啸鸫亚成体,紫啸鸫,无法区分,亚成体,75
668,紫啸鸫幼体,紫啸鸫,无法区分,幼体,30
669,紫啸鸫成体,紫啸鸫,无法区分,成体,15264
670,紫啸鸫,紫啸鸫,无法区分,无法区分,705
671,紫啸鸫雄性成体,紫啸鸫,雄性,成体,33
672,紫貂成体,紫貂,无法区分,成体,12
673,红原鸡成体,红原鸡,无法区分,成体,177
674,红原鸡雄性亚成体,红原鸡,雄性,亚成体,57
675,红原鸡雄性成体,红原鸡,雄性,成体,240
676,红原鸡雌性成体,红原鸡,雌性,成体,246
677,红喉姬鹟成体,红喉姬鹟,无法区分,成体,42
678,红喉姬鹟雌性成体,红喉姬鹟,雌性,成体,9
679,红喉山鹧鸪成体,红喉山鹧鸪,无法区分,成体,2523
680,红喉山鹧鸪,红喉山鹧鸪,无法区分,无法区分,15
681,红喉山鹧鸪雄性成体,红喉山鹧鸪,雄性,成体,9
682,红喉歌鸲成体,红喉歌鸲,无法区分,成体,12
683,红喉雉鹑成体,红喉雉鹑,无法区分,成体,294
684,红嘴山鸦成体,红嘴山鸦,无法区分,成体,150
685,红嘴相思鸟亚成体,红嘴相思鸟,无法区分,亚成体,18
686,红嘴相思鸟成体,红嘴相思鸟,无法区分,成体,1755
687,红嘴相思鸟,红嘴相思鸟,无法区分,无法区分,240
688,红嘴蓝鹊亚成体,红嘴蓝鹊,无法区分,亚成体,177
689,红嘴蓝鹊成体,红嘴蓝鹊,无法区分,成体,4296
690,红嘴蓝鹊,红嘴蓝鹊,无法区分,无法区分,174
691,红嘴蓝鹊雄性成体,红嘴蓝鹊,雄性,成体,48
692,红嘴鸦雀成体,红嘴鸦雀,无法区分,成体,168
693,红头咬鹃雌性成体,红头咬鹃,雌性,成体,15
694,红头咬鹃雌性,红头咬鹃,雌性,无法区分,30
695,红头噪鹛成体,红头噪鹛,无法区分,成体,228
696,红头穗鹛成体,红头穗鹛,无法区分,成体,27
697,红头长尾山雀成体,红头长尾山雀,无法区分,成体,57
698,红尾伯劳雄性成体,红尾伯劳,雄性,成体,27
699,红尾噪鹛成体,红尾噪鹛,无法区分,成体,114
700,红尾希鹛成体,红尾希鹛,无法区分,成体,18
701,红尾斑鸫成体,红尾斑鸫,无法区分,成体,243
702,红尾歌鸲成体,红尾歌鸲,无法区分,成体,12
703,红尾水鸲成体,红尾水鸲,无法区分,成体,12
704,红白鼯鼠成体,红白鼯鼠,无法区分,成体,1515
705,红白鼯鼠,红白鼯鼠,无法区分,无法区分,93
706,红眉朱雀成体,红眉朱雀,无法区分,成体,21
707,红眉朱雀雄性成体,红眉朱雀,雄性,成体,9
708,红眉朱雀雌性成体,红眉朱雀,雌性,成体,12
709,红翅凤头鹃成体,红翅凤头鹃,无法区分,成体,108
710,红翅噪鹛成体,红翅噪鹛,无法区分,成体,126
711,红翅旋壁雀成体,红翅旋壁雀,无法区分,成体,9
712,红翅绿鸠亚成体,红翅绿鸠,无法区分,亚成体,9
713,红翅绿鸠成体,红翅绿鸠,无法区分,成体,75
714,红耳鼠兔成体,红耳鼠兔,无法区分,成体,42
715,红胁蓝尾鸲幼体,红胁蓝尾鸲,无法区分,幼体,9
716,红胁蓝尾鸲成体,红胁蓝尾鸲,无法区分,成体,345
717,红胁蓝尾鸲,红胁蓝尾鸲,无法区分,无法区分,24
718,红胁蓝尾鸲雄性成体,红胁蓝尾鸲,雄性,成体,420
719,红胁蓝尾鸲雄性,红胁蓝尾鸲,雄性,无法区分,12
720,红胁蓝尾鸲雌性成体,红胁蓝尾鸲,雌性,成体,1647
721,红胁蓝尾鸲雌性,红胁蓝尾鸲,雌性,无法区分,21
722,红背鼯鼠成体,红背鼯鼠,无法区分,成体,846
723,红胸山鹧鸪成体,红胸山鹧鸪,无法区分,成体,132
724,红腹红尾鸲成体,红腹红尾鸲,无法区分,成体,48
725,红腹红尾鸲雄性成体,红腹红尾鸲,雄性,成体,141
726,红腹红尾鸲雌性成体,红腹红尾鸲,雌性,成体,321
727,红腹角雉亚成体,红腹角雉,无法区分,亚成体,69
728,红腹角雉幼体,红腹角雉,无法区分,幼体,54
729,红腹角雉成体,红腹角雉,无法区分,成体,756
730,红腹角雉,红腹角雉,无法区分,无法区分,216
731,红腹角雉雄性亚成体,红腹角雉,雄性,亚成体,471
732,红腹角雉雄性成体,红腹角雉,雄性,成体,8061
733,红腹角雉雄性,红腹角雉,雄性,无法区分,93
734,红腹角雉雌性亚成体,红腹角雉,雌性,亚成体,48
735,红腹角雉雌性成体,红腹角雉,雌性,成体,3873
736,红腹角雉雌性,红腹角雉,雌性,无法区分,69
737,红腹锦鸡亚成体,红腹锦鸡,无法区分,亚成体,504
738,红腹锦鸡幼体,红腹锦鸡,无法区分,幼体,129
739,红腹锦鸡成体,红腹锦鸡,无法区分,成体,1695
740,红腹锦鸡,红腹锦鸡,无法区分,无法区分,837
741,红腹锦鸡雄性亚成体,红腹锦鸡,雄性,亚成体,3954
742,红腹锦鸡雄性成体,红腹锦鸡,雄性,成体,24099
743,红腹锦鸡雄性,红腹锦鸡,雄性,无法区分,96
744,红腹锦鸡雌性亚成体,红腹锦鸡,雌性,亚成体,459
745,红腹锦鸡雌性成体,红腹锦鸡,雌性,成体,14025
746,红腹锦鸡雌性,红腹锦鸡,雌性,无法区分,93
747,红腿长吻松鼠亚成体,红腿长吻松鼠,无法区分,亚成体,54
748,红腿长吻松鼠成体,红腿长吻松鼠,无法区分,成体,27693
749,红腿长吻松鼠,红腿长吻松鼠,无法区分,无法区分,8040
750,红腿长吻松鼠雄性成体,红腿长吻松鼠,雄性,成体,48
751,红颊长吻松鼠成体,红颊长吻松鼠,无法区分,成体,3507
752,纯色噪鹛成体,纯色噪鹛,无法区分,成体,63
753,纯蓝仙鹟成体,纯蓝仙鹟,无法区分,成体,36
754,纵纹腹小鸮成体,纵纹腹小鸮,无法区分,成体,93
755,绵羊幼体,绵羊,无法区分,幼体,9
756,绵羊成体,绵羊,无法区分,成体,1368
757,绵羊,绵羊,无法区分,无法区分,246
758,绵羊雄性成体,绵羊,雄性,成体,105
759,绵羊雌性成体,绵羊,雌性,成体,33
760,绿嘴地鹃成体,绿嘴地鹃,无法区分,成体,84
761,绿尾虹雉雄性成体,绿尾虹雉,雄性,成体,33
762,绿尾虹雉雌性成体,绿尾虹雉,雌性,成体,39
763,绿翅短脚鹎成体,绿翅短脚鹎,无法区分,成体,237
764,绿翅短脚鹎,绿翅短脚鹎,无法区分,无法区分,36
765,绿翅金鸠成体,绿翅金鸠,无法区分,成体,417
766,绿翅金鸠雄性成体,绿翅金鸠,雄性,成体,297
767,绿翅金鸠雄性,绿翅金鸠,雄性,无法区分,9
768,绿翅金鸠雌性成体,绿翅金鸠,雌性,成体,132
769,绿背山雀成体,绿背山雀,无法区分,成体,357
770,绿背山雀,绿背山雀,无法区分,无法区分,42
771,缅甸鼬獾成体,缅甸鼬獾,无法区分,成体,9
772,缟灵猫成体,缟灵猫,无法区分,成体,135
773,羚牛(扭角羚)亚成体,羚牛(扭角羚),无法区分,亚成体,12
774,羚牛(扭角羚)幼体,羚牛(扭角羚),无法区分,幼体,39
775,羚牛(扭角羚)成体,羚牛(扭角羚),无法区分,成体,465
776,羚牛(扭角羚)雄性成体,羚牛(扭角羚),雄性,成体,192
777,羚牛(扭角羚) 羚牛秦岭亚种成体,羚牛(扭角羚) 羚牛秦岭亚种,无法区分,成体,15
778,翘鼻麻鸭雄性成体,翘鼻麻鸭,雄性,成体,12
779,花尾榛鸡成体,花尾榛鸡,无法区分,成体,21
780,花尾榛鸡雄性成体,花尾榛鸡,雄性,成体,9
781,花面狸亚成体,花面狸,无法区分,亚成体,174
782,花面狸幼体,花面狸,无法区分,幼体,18
783,花面狸成体,花面狸,无法区分,成体,46278
784,花面狸,花面狸,无法区分,无法区分,5202
785,花面狸雄性成体,花面狸,雄性,成体,33
786,花面狸雌性成体,花面狸,雌性,成体,57
787,花鼠成体,花鼠,无法区分,成体,687
788,苍鹰成体,苍鹰,无法区分,成体,21
789,草兔成体,草兔,无法区分,成体,138
790,草鸮幼体,草鸮,无法区分,幼体,15
791,草鸮成体,草鸮,无法区分,成体,462
792,荒漠猫成体,荒漠猫,无法区分,成体,63
793,菲氏叶猴成体,菲氏叶猴,无法区分,成体,15
794,蒙古兔成体,蒙古兔,无法区分,成体,108
795,蓝喉仙鹟成体,蓝喉仙鹟,无法区分,成体,21
796,蓝喉仙鹟雄性成体,蓝喉仙鹟,雄性,成体,27
797,蓝喉太阳鸟雌性成体,蓝喉太阳鸟,雌性,成体,9
798,蓝喉拟啄木鸟成体,蓝喉拟啄木鸟,无法区分,成体,204
799,蓝喉拟啄木鸟雄性成体,蓝喉拟啄木鸟,雄性,成体,36
800,蓝歌鸲成体,蓝歌鸲,无法区分,成体,18
801,蓝歌鸲雄性成体,蓝歌鸲,雄性,成体,30
802,蓝歌鸲雌性成体,蓝歌鸲,雌性,成体,45
803,蓝眉林鸲成体,蓝眉林鸲,无法区分,成体,27
804,蓝眉林鸲雄性成体,蓝眉林鸲,雄性,成体,36
805,蓝眉林鸲雌性成体,蓝眉林鸲,雌性,成体,114
806,蓝短翅鸫成体,蓝短翅鸫,无法区分,成体,96
807,蓝短翅鸫雄性成体,蓝短翅鸫,雄性,成体,9
808,蓝矶鸫雄性成体,蓝矶鸫,雄性,成体,12
809,蓝翅希鹛成体,蓝翅希鹛,无法区分,成体,108
810,蓝背八色鸫成体,蓝背八色鸫,无法区分,成体,30
811,蓝背八色鸫,蓝背八色鸫,无法区分,无法区分,165
812,蓝腹松鼠成体,蓝腹松鼠,无法区分,成体,9
813,蓝额红尾鸲雄性成体,蓝额红尾鸲,雄性,成体,9
814,蓝马鸡成体,蓝马鸡,无法区分,成体,579
815,蓝马鸡雄性成体,蓝马鸡,雄性,成体,207
816,蓝马鸡雄性,蓝马鸡,雄性,无法区分,9
817,蓝鹀,蓝鹀,无法区分,无法区分,9
818,蓝鹀雌性成体,蓝鹀,雌性,成体,9
819,藏狐成体,藏狐,无法区分,成体,690
820,藏羚成体,藏羚,无法区分,成体,18
821,藏羚雄性成体,藏羚,雄性,成体,24
822,藏酋猴亚成体,藏酋猴,无法区分,亚成体,135
823,藏酋猴幼体,藏酋猴,无法区分,幼体,156
824,藏酋猴成体,藏酋猴,无法区分,成体,4989
825,藏酋猴,藏酋猴,无法区分,无法区分,21
826,藏酋猴雄性成体,藏酋猴,雄性,成体,30
827,藏酋猴雌性成体,藏酋猴,雌性,成体,27
828,藏野驴成体,藏野驴,无法区分,成体,21
829,藏雪鸡成体,藏雪鸡,无法区分,成体,219
830,藏鼠兔成体,藏鼠兔,无法区分,成体,747
831,虎斑地鸫亚成体,虎斑地鸫,无法区分,亚成体,15
832,虎斑地鸫成体,虎斑地鸫,无法区分,成体,9159
833,虎斑地鸫,虎斑地鸫,无法区分,无法区分,789
834,虎斑地鸫雄性成体,虎斑地鸫,雄性,成体,27
835,蛇雕亚成体,蛇雕,无法区分,亚成体,9
836,蛇雕成体,蛇雕,无法区分,成体,33
837,血雉亚成体,血雉,无法区分,亚成体,21
838,血雉幼体,血雉,无法区分,幼体,39
839,血雉成体,血雉,无法区分,成体,1380
840,血雉,血雉,无法区分,无法区分,12
841,血雉雄性亚成体,血雉,雄性,亚成体,9
842,血雉雄性成体,血雉,雄性,成体,3522
843,血雉雄性,血雉,雄性,无法区分,18
844,血雉雌性成体,血雉,雌性,成体,1653
845,血雉雌性,血雉,雌性,无法区分,12
846,褐头山雀成体,褐头山雀,无法区分,成体,15
847,褐头雀鹛成体,褐头雀鹛,无法区分,成体,216
848,褐家鼠成体,褐家鼠,无法区分,成体,507
849,褐林鸮成体,褐林鸮,无法区分,成体,24
850,褐柳莺成体,褐柳莺,无法区分,成体,9
851,褐灰雀,褐灰雀,无法区分,无法区分,18
852,褐翅雪雀成体,褐翅雪雀,无法区分,成体,18
853,褐翅鸦鹃成体,褐翅鸦鹃,无法区分,成体,117
854,褐胁雀鹛成体,褐胁雀鹛,无法区分,成体,36
855,褐背鹟鵙雄性成体,褐背鹟鵙,雄性,成体,9
856,褐胸噪鹛成体,褐胸噪鹛,无法区分,成体,54
857,褐胸噪鹛雌性成体,褐胸噪鹛,雌性,成体,114
858,褐胸鹟成体,褐胸鹟,无法区分,成体,15
859,褐顶雀鹛成体,褐顶雀鹛,无法区分,成体,24
860,褐马鸡亚成体,褐马鸡,无法区分,亚成体,36
861,褐马鸡成体,褐马鸡,无法区分,成体,213
862,豚尾猴亚成体,豚尾猴,无法区分,亚成体,111
863,豚尾猴幼体,豚尾猴,无法区分,幼体,51
864,豚尾猴成体,豚尾猴,无法区分,成体,492
865,豚尾猴雌性亚成体,豚尾猴,雌性,亚成体,15
866,豚尾猴雌性成体,豚尾猴,雌性,成体,9
867,豪猪亚成体,豪猪,无法区分,亚成体,585
868,豪猪幼体,豪猪,无法区分,幼体,162
869,豪猪成体,豪猪,无法区分,成体,24777
870,豪猪,豪猪,无法区分,无法区分,4074
871,豪猪雄性成体,豪猪,雄性,成体,24
872,豪猪雌性成体,豪猪,雌性,成体,303
873,豹成体,豹,无法区分,成体,18
874,豹猫亚成体,豹猫,无法区分,亚成体,60
875,豹猫成体,豹猫,无法区分,成体,12546
876,豹猫,豹猫,无法区分,无法区分,573
877,豹猫雄性成体,豹猫,雄性,成体,9
878,豹猫雌性,豹猫,雌性,无法区分,21
879,豺成体,豺,无法区分,成体,18
880,貂熊成体,貂熊,无法区分,成体,840
881,貉成体,貉,无法区分,成体,132
882,贡山麂成体,贡山麂,无法区分,成体,45
883,贺兰山红尾鸲成体,贺兰山红尾鸲,无法区分,成体,33
884,赤斑羚成体,赤斑羚,无法区分,成体,12
885,赤狐成体,赤狐,无法区分,成体,1968
886,赤狐,赤狐,无法区分,无法区分,93
887,赤胸啄木鸟成体,赤胸啄木鸟,无法区分,成体,39
888,赤腹松鼠亚成体,赤腹松鼠,无法区分,亚成体,165
889,赤腹松鼠成体,赤腹松鼠,无法区分,成体,10476
890,赤腹松鼠,赤腹松鼠,无法区分,无法区分,2955
891,赤麂亚成体,赤麂,无法区分,亚成体,120
892,赤麂幼体,赤麂,无法区分,幼体,39
893,赤麂成体,赤麂,无法区分,成体,8394
894,赤麂,赤麂,无法区分,无法区分,546
895,赤麂雄性亚成体,赤麂,雄性,亚成体,39
896,赤麂雄性成体,赤麂,雄性,成体,7356
897,赤麂雄性,赤麂,雄性,无法区分,1608
898,赤麂雌性亚成体,赤麂,雌性,亚成体,96
899,赤麂雌性成体,赤麂,雌性,成体,11424
900,赤麂雌性,赤麂,雌性,无法区分,426
901,赭红尾鸲雄性成体,赭红尾鸲,雄性,成体,12
902,赭红尾鸲雌性成体,赭红尾鸲,雌性,成体,189
903,酒红朱雀雌性成体,酒红朱雀,雌性,成体,9
904,野牦牛亚成体,野牦牛,无法区分,亚成体,48
905,野牦牛成体,野牦牛,无法区分,成体,885
906,野牦牛,野牦牛,无法区分,无法区分,15
907,野牦牛雄性亚成体,野牦牛,雄性,亚成体,12
908,野牦牛雄性成体,野牦牛,雄性,成体,699
909,野牦牛雄性,野牦牛,雄性,无法区分,24
910,野牦牛雌性成体,野牦牛,雌性,成体,2136
911,野牦牛雌性,野牦牛,雌性,无法区分,12
912,野猪亚成体,野猪,无法区分,亚成体,30234
913,野猪幼体,野猪,无法区分,幼体,18528
914,野猪成体,野猪,无法区分,成体,126819
915,野猪,野猪,无法区分,无法区分,9708
916,野猪雄性亚成体,野猪,雄性,亚成体,273
917,野猪雄性成体,野猪,雄性,成体,4548
918,野猪雄性,野猪,雄性,无法区分,48
919,野猪雌性亚成体,野猪,雌性,亚成体,210
920,野猪雌性成体,野猪,雌性,成体,19884
921,野猪雌性,野猪,雌性,无法区分,240
922,野猫成体,野猫,无法区分,成体,30
923,野马幼体,野马,无法区分,幼体,21
924,野马成体,野马,无法区分,成体,6243
925,野马,野马,无法区分,无法区分,2397
926,野马雄性成体,野马,雄性,成体,30
927,野马雄性,野马,雄性,无法区分,18
928,野马雌性成体,野马,雌性,成体,12
929,野骆驼亚成体,野骆驼,无法区分,亚成体,18
930,野骆驼成体,野骆驼,无法区分,成体,1701
931,野骆驼,野骆驼,无法区分,无法区分,150
932,野骆驼雄性成体,野骆驼,雄性,成体,9
933,金猫成体,金猫,无法区分,成体,33
934,金眶鹟莺成体,金眶鹟莺,无法区分,成体,27
935,金翅雀成体,金翅雀,无法区分,成体,9
936,金背松鼠成体,金背松鼠,无法区分,成体,18
937,金色林鸲成体,金色林鸲,无法区分,成体,18
938,金色林鸲雄性成体,金色林鸲,雄性,成体,24
939,金色林鸲雌性成体,金色林鸲,雌性,成体,24
940,金钱豹成体,金钱豹,无法区分,成体,159
941,金额叶鹎雄性成体,金额叶鹎,雄性,成体,9
942,铜蓝鹟成体,铜蓝鹟,无法区分,成体,138
943,银星竹鼠成体,银星竹鼠,无法区分,成体,69
944,银耳噪鹛成体,银耳噪鹛,无法区分,成体,36
945,锡嘴雀,锡嘴雀,无法区分,无法区分,18
946,长嘴钩嘴鹛,长嘴钩嘴鹛,无法区分,无法区分,15
947,长尾地鸫成体,长尾地鸫,无法区分,成体,861
948,长尾地鸫,长尾地鸫,无法区分,无法区分,12
949,隐纹花松鼠成体,隐纹花松鼠,无法区分,成体,1884
950,雀鹰成体,雀鹰,无法区分,成体,231
951,雀鹰雄性成体,雀鹰,雄性,成体,15
952,雪兔成体,雪兔,无法区分,成体,27
953,雪豹成体,雪豹,无法区分,成体,1161
954,雪豹雄性成体,雪豹,雄性,成体,21
955,雪鹑成体,雪鹑,无法区分,成体,24
956,霜背大鼯鼠成体,霜背大鼯鼠,无法区分,成体,132
957,领岩鹨成体,领岩鹨,无法区分,成体,69
958,领角鸮成体,领角鸮,无法区分,成体,9
959,领雀嘴鹎成体,领雀嘴鹎,无法区分,成体,156
960,领雀嘴鹎,领雀嘴鹎,无法区分,无法区分,48
961,食蟹獴成体,食蟹獴,无法区分,成体,435
962,香鼬成体,香鼬,无法区分,成体,27
963,马来豪猪成体,马来豪猪,无法区分,成体,108
964,马鹿成体,马鹿,无法区分,成体,336
965,马鹿雄性成体,马鹿,雄性,成体,801
966,马鹿雌性成体,马鹿,雌性,成体,333
967,马麝成体,马麝,无法区分,成体,405
968,驼鹿亚成体,驼鹿,无法区分,亚成体,24
969,驼鹿幼体,驼鹿,无法区分,幼体,18
970,驼鹿成体,驼鹿,无法区分,成体,309
971,驼鹿雄性亚成体,驼鹿,雄性,亚成体,9
972,驼鹿雄性成体,驼鹿,雄性,成体,333
973,驼鹿雌性成体,驼鹿,雌性,成体,489
974,高原兔成体,高原兔,无法区分,成体,1236
975,高原兔,高原兔,无法区分,无法区分,60
976,高原山鹑成体,高原山鹑,无法区分,成体,60
977,高原鼠兔成体,高原鼠兔,无法区分,成体,2319
978,高山兀鹫亚成体,高山兀鹫,无法区分,亚成体,141
979,高山兀鹫幼体,高山兀鹫,无法区分,幼体,372
980,高山兀鹫成体,高山兀鹫,无法区分,成体,1632
981,高山岭雀成体,高山岭雀,无法区分,成体,198
982,鸲岩鹨成体,鸲岩鹨,无法区分,成体,90
983,鸲岩鹨雄性成体,鸲岩鹨,雄性,成体,9
984,鸳鸯成体,鸳鸯,无法区分,成体,525
985,鸳鸯雄性成体,鸳鸯,雄性,成体,24
986,鸳鸯雌性成体,鸳鸯,雌性,成体,1815
987,鹅喉羚亚成体,鹅喉羚,无法区分,亚成体,15
988,鹅喉羚成体,鹅喉羚,无法区分,成体,387
989,鹅喉羚,鹅喉羚,无法区分,无法区分,435
990,鹅喉羚雄性亚成体,鹅喉羚,雄性,亚成体,429
991,鹅喉羚雄性成体,鹅喉羚,雄性,成体,1668
992,鹅喉羚雄性,鹅喉羚,雄性,无法区分,24
993,鹅喉羚雌性亚成体,鹅喉羚,雌性,亚成体,255
994,鹅喉羚雌性成体,鹅喉羚,雌性,成体,1347
995,鹅喉羚雌性,鹅喉羚,雌性,无法区分,180
996,鹊鸲成体,鹊鸲,无法区分,成体,177
997,鹊鸲雄性成体,鹊鸲,雄性,成体,96
998,鹊鸲雌性成体,鹊鸲,雌性,成体,24
999,鹰雕成体,鹰雕,无法区分,成体,165
1000,黄喉貂亚成体,黄喉貂,无法区分,亚成体,12
1001,黄喉貂成体,黄喉貂,无法区分,成体,9216
1002,黄喉貂,黄喉貂,无法区分,无法区分,1974
1003,黄喉貂雄性成体,黄喉貂,雄性,成体,453
1004,黄喉貂雄性,黄喉貂,雄性,无法区分,9
1005,黄喉雉鹑成体,黄喉雉鹑,无法区分,成体,93
1006,黄喉雉鹑雄性成体,黄喉雉鹑,雄性,成体,42
1007,黄喉雉鹑雌性成体,黄喉雉鹑,雌性,成体,18
1008,黄喉鹀雌性成体,黄喉鹀,雌性,成体,9
1009,黄嘴山鸦成体,黄嘴山鸦,无法区分,成体,72
1010,黄嘴栗啄木鸟成体,黄嘴栗啄木鸟,无法区分,成体,21
1011,黄嘴栗啄木鸟雌性成体,黄嘴栗啄木鸟,雌性,成体,9
1012,黄嘴蓝鹊成体,黄嘴蓝鹊,无法区分,成体,12
1013,黄嘴蓝鹊,黄嘴蓝鹊,无法区分,无法区分,9
1014,黄牛亚成体,黄牛,无法区分,亚成体,105
1015,黄牛幼体,黄牛,无法区分,幼体,21
1016,黄牛成体,黄牛,无法区分,成体,5958
1017,黄牛,黄牛,无法区分,无法区分,873
1018,黄牛雄性成体,黄牛,雄性,成体,51
1019,黄牛雌性成体,黄牛,雌性,成体,771
1020,黄眉柳莺,黄眉柳莺,无法区分,无法区分,9
1021,黄胸柳莺成体,黄胸柳莺,无法区分,成体,51
1022,黄胸绿鹊,黄胸绿鹊,无法区分,无法区分,12
1023,黄胸绿鹊雄性成体,黄胸绿鹊,雄性,成体,78
1024,黄脚三趾鹑成体,黄脚三趾鹑,无法区分,成体,18
1025,黄腹山雀成体,黄腹山雀,无法区分,成体,24
1026,黄腹山雀,黄腹山雀,无法区分,无法区分,9
1027,黄腹山雀雄性成体,黄腹山雀,雄性,成体,9
1028,黄腹角雉成体,黄腹角雉,无法区分,成体,108
1029,黄腹角雉雄性亚成体,黄腹角雉,雄性,亚成体,15
1030,黄腹角雉雄性成体,黄腹角雉,雄性,成体,870
1031,黄腹角雉雌性成体,黄腹角雉,雌性,成体,498
1032,黄腹鼬成体,黄腹鼬,无法区分,成体,948
1033,黄腹鼬,黄腹鼬,无法区分,无法区分,51
1034,黄腿渔鸮成体,黄腿渔鸮,无法区分,成体,39
1035,黄臀鹎成体,黄臀鹎,无法区分,成体,270
1036,黄足松鼠成体,黄足松鼠,无法区分,成体,48
1037,黄颈啄木鸟雄性成体,黄颈啄木鸟,雄性,成体,9
1038,黄颈拟蜡嘴雀成体,黄颈拟蜡嘴雀,无法区分,成体,27
1039,黄颈拟蜡嘴雀雄性成体,黄颈拟蜡嘴雀,雄性,成体,24
1040,黄颈拟蜡嘴雀雌性成体,黄颈拟蜡嘴雀,雌性,成体,33
1041,黄鼬幼体,黄鼬,无法区分,幼体,15
1042,黄鼬成体,黄鼬,无法区分,成体,1956
1043,黄鼬,黄鼬,无法区分,无法区分,261
1044,黄鼬雌性成体,黄鼬,雌性,成体,9
1045,黑冠黄鹎成体,黑冠黄鹎,无法区分,成体,9
1046,黑卷尾成体,黑卷尾,无法区分,成体,336
1047,黑叶猴亚成体,黑叶猴,无法区分,亚成体,12
1048,黑叶猴幼体,黑叶猴,无法区分,幼体,24
1049,黑叶猴成体,黑叶猴,无法区分,成体,102
1050,黑啄木鸟成体,黑啄木鸟,无法区分,成体,15
1051,黑喉噪鹛成体,黑喉噪鹛,无法区分,成体,60
1052,黑喉噪鹛,黑喉噪鹛,无法区分,无法区分,24
1053,黑喉山鹪莺成体,黑喉山鹪莺,无法区分,成体,9
1054,黑喉红尾鸲雄性成体,黑喉红尾鸲,雄性,成体,21
1055,黑喉红臀鹎成体,黑喉红臀鹎,无法区分,成体,9
1056,黑头奇鹛成体,黑头奇鹛,无法区分,成体,135
1057,黑头金翅雀成体,黑头金翅雀,无法区分,成体,24
1058,黑头鹎成体,黑头鹎,无法区分,成体,18
1059,黑尾蜡嘴雀成体,黑尾蜡嘴雀,无法区分,成体,18
1060,黑枕王鹟成体,黑枕王鹟,无法区分,成体,18
1061,黑枕王鹟雌性成体,黑枕王鹟,雌性,成体,9
1062,黑熊亚成体,黑熊,无法区分,亚成体,162
1063,黑熊幼体,黑熊,无法区分,幼体,63
1064,黑熊成体,黑熊,无法区分,成体,6288
1065,黑熊,黑熊,无法区分,无法区分,216
1066,黑熊雄性成体,黑熊,雄性,成体,54
1067,黑熊雌性成体,黑熊,雌性,成体,108
1068,黑眉锦蛇,黑眉锦蛇,无法区分,无法区分,15
1069,黑短脚鹎亚成体,黑短脚鹎,无法区分,亚成体,9
1070,黑短脚鹎幼体,黑短脚鹎,无法区分,幼体,18
1071,黑短脚鹎成体,黑短脚鹎,无法区分,成体,1353
1072,黑短脚鹎,黑短脚鹎,无法区分,无法区分,75
1073,黑胸鸫成体,黑胸鸫,无法区分,成体,684
1074,黑胸鸫雄性亚成体,黑胸鸫,雄性,亚成体,183
1075,黑胸鸫雄性成体,黑胸鸫,雄性,成体,2889
1076,黑胸鸫雌性成体,黑胸鸫,雌性,成体,1887
1077,黑脸噪鹛成体,黑脸噪鹛,无法区分,成体,27
1078,黑脸噪鹛,黑脸噪鹛,无法区分,无法区分,9
1079,黑脸鹟莺成体,黑脸鹟莺,无法区分,成体,18
1080,黑顶噪鹛成体,黑顶噪鹛,无法区分,成体,372
1081,黑顶噪鹛雄性成体,黑顶噪鹛,雄性,成体,33
1082,黑顶麻雀成体,黑顶麻雀,无法区分,成体,9
1083,黑顶麻雀雄性成体,黑顶麻雀,雄性,成体,78
1084,黑顶麻雀雌性成体,黑顶麻雀,雌性,成体,69
1085,黑领噪鹛亚成体,黑领噪鹛,无法区分,亚成体,12
1086,黑领噪鹛成体,黑领噪鹛,无法区分,成体,19497
1087,黑领噪鹛,黑领噪鹛,无法区分,无法区分,444
1088,黑领噪鹛雄性成体,黑领噪鹛,雄性,成体,417
1089,黑领噪鹛雌性成体,黑领噪鹛,雌性,成体,90
1090,黑颈长尾雉成体,黑颈长尾雉,无法区分,成体,18
1091,黑颈长尾雉雄性亚成体,黑颈长尾雉,雄性,亚成体,18
1092,黑颈长尾雉雄性成体,黑颈长尾雉,雄性,成体,96
1093,黑颈长尾雉雌性成体,黑颈长尾雉,雌性,成体,111
1094,黑颏凤鹛成体,黑颏凤鹛,无法区分,成体,198
1095,黑颏凤鹛,黑颏凤鹛,无法区分,无法区分,42
1096,黑额山噪鹛成体,黑额山噪鹛,无法区分,成体,45
1097,黑鹇亚成体,黑鹇,无法区分,亚成体,15
1098,黑鹇成体,黑鹇,无法区分,成体,72
1099,黑鹇,黑鹇,无法区分,无法区分,12
1100,黑鹇雄性亚成体,黑鹇,雄性,亚成体,42
1101,黑鹇雄性成体,黑鹇,雄性,成体,153
1102,黑鹇雌性成体,黑鹇,雌性,成体,87
1103,黑麂成体,黑麂,无法区分,成体,9
1104,黔金丝猴亚成体,黔金丝猴,无法区分,亚成体,24
1105,黔金丝猴幼体,黔金丝猴,无法区分,幼体,87
1106,黔金丝猴成体,黔金丝猴,无法区分,成体,2148
1107,鼬獾亚成体,鼬獾,无法区分,亚成体,279
1108,鼬獾幼体,鼬獾,无法区分,幼体,102
1109,鼬獾成体,鼬獾,无法区分,成体,24234
1110,鼬獾,鼬獾,无法区分,无法区分,1785
1111,鼬獾雄性成体,鼬獾,雄性,成体,45
1112,鼬獾雌性成体,鼬獾,雌性,成体,105
